{
    "$schema": "https://schema.management.azure.com/schemas/2015-01-01/deploymentParameters.json#",
    "contentVersion": "1.0.0.0",
    "parameters": {
        "virtualMachines_aztr99vm01_adminPassword": {
            "value": null
        },
        "virtualMachines_aztr99vm01_name": {
            "value": null
        },
        "networkInterfaces_aztr99vm0176_name": {
            "value": null
        },
        "networkSecurityGroups_aztr99vm01_nsg_name": {
            "value": null
        },
        "publicIPAddresses_aztr99vm01_ip_name": {
            "value": null
        },
        "storageAccounts_aztr99st01_name": {
            "value": null
        },
        "networkInterfaces_aztr99vm0176_id": {
            "value": null
        }
    }
}