{
    "$schema": "https://schema.management.azure.com/schemas/2015-01-01/deploymentTemplate.json#",
    "contentVersion": "1.0.0.0",
    "parameters": {
        "virtualMachines_aztr99vm01_adminPassword": {
            "defaultValue": null,
            "type": "SecureString"
        },
        "virtualMachines_aztr99vm01_name": {
            "defaultValue": "aztr99vm01",
            "type": "String"
        },
        "networkInterfaces_aztr99vm0176_name": {
            "defaultValue": "aztr99vm0176",
            "type": "String"
        },
        "networkSecurityGroups_aztr99vm01_nsg_name": {
            "defaultValue": "aztr99vm01-nsg",
            "type": "String"
        },
        "publicIPAddresses_aztr99vm01_ip_name": {
            "defaultValue": "aztr99vm01-ip",
            "type": "String"
        },
        "storageAccounts_aztr99st01_name": {
            "defaultValue": "aztr99st01",
            "type": "String"
        },
        "networkInterfaces_aztr99vm0176_id": {
            "defaultValue": "/subscriptions/26bceab8-0886-4383-9dec-830a5246de8b/resourceGroups/aztr99vnet-rg/providers/Microsoft.Network/virtualNetworks/aztr99vnet/subnets/Secure",
            "type": "String"
        }
    },
    "variables": {},
    "resources": [
        {
            "comments": "リソース '/subscriptions/26bceab8-0886-4383-9dec-830a5246de8b/resourceGroups/aztr99vm-rg/providers/Microsoft.Compute/virtualMachines/aztr99vm01' から一般化されました。",
            "type": "Microsoft.Compute/virtualMachines",
            "name": "[parameters('virtualMachines_aztr99vm01_name')]",
            "apiVersion": "2015-06-15",
            "location": "japanwest",
            "properties": {
                "hardwareProfile": {
                    "vmSize": "Standard_D1_v2"
                },
                "storageProfile": {
                    "imageReference": {
                        "publisher": "MicrosoftWindowsServer",
                        "offer": "WindowsServer",
                        "sku": "2012-R2-Datacenter",
                        "version": "latest"
                    },
                    "osDisk": {
                        "name": "[parameters('virtualMachines_aztr99vm01_name')]",
                        "createOption": "FromImage",
                        "vhd": {
                            "uri": "[concat('https', '://', parameters('storageAccounts_aztr99st01_name'), '.blob.core.windows.net', concat('/vhds/', parameters('virtualMachines_aztr99vm01_name'),'2016830164024.vhd'))]"
                        },
                        "caching": "ReadWrite"
                    },
                    "dataDisks": []
                },
                "osProfile": {
                    "computerName": "[parameters('virtualMachines_aztr99vm01_name')]",
                    "adminUsername": "yusukeoi",
                    "windowsConfiguration": {
                        "provisionVMAgent": true,
                        "enableAutomaticUpdates": true
                    },
                    "secrets": [],
                    "adminPassword": "[parameters('virtualMachines_aztr99vm01_adminPassword')]"
                },
                "networkProfile": {
                    "networkInterfaces": [
                        {
                            "id": "[resourceId('Microsoft.Network/networkInterfaces', parameters('networkInterfaces_aztr99vm0176_name'))]"
                        }
                    ]
                }
            },
            "resources": [],
            "dependsOn": [
                "[resourceId('Microsoft.Storage/storageAccounts', parameters('storageAccounts_aztr99st01_name'))]",
                "[resourceId('Microsoft.Network/networkInterfaces', parameters('networkInterfaces_aztr99vm0176_name'))]"
            ]
        },
        {
            "comments": "リソース '/subscriptions/26bceab8-0886-4383-9dec-830a5246de8b/resourceGroups/aztr99vm-rg/providers/Microsoft.Network/networkInterfaces/aztr99vm0176' から一般化されました。",
            "type": "Microsoft.Network/networkInterfaces",
            "name": "[parameters('networkInterfaces_aztr99vm0176_name')]",
            "apiVersion": "2016-03-30",
            "location": "japanwest",
            "properties": {
                "ipConfigurations": [
                    {
                        "name": "ipconfig1",
                        "properties": {
                            "privateIPAddress": "10.0.1.4",
                            "privateIPAllocationMethod": "Dynamic",
                            "publicIPAddress": {
                                "id": "[resourceId('Microsoft.Network/publicIPAddresses', parameters('publicIPAddresses_aztr99vm01_ip_name'))]"
                            },
                            "subnet": {
                                "id": "[parameters('networkInterfaces_aztr99vm0176_id')]"
                            }
                        }
                    }
                ],
                "dnsSettings": {
                    "dnsServers": []
                },
                "enableIPForwarding": false,
                "networkSecurityGroup": {
                    "id": "[resourceId('Microsoft.Network/networkSecurityGroups', parameters('networkSecurityGroups_aztr99vm01_nsg_name'))]"
                }
            },
            "resources": [],
            "dependsOn": [
                "[resourceId('Microsoft.Network/publicIPAddresses', parameters('publicIPAddresses_aztr99vm01_ip_name'))]",
                "[resourceId('Microsoft.Network/networkSecurityGroups', parameters('networkSecurityGroups_aztr99vm01_nsg_name'))]"
            ]
        },
        {
            "comments": "リソース '/subscriptions/26bceab8-0886-4383-9dec-830a5246de8b/resourceGroups/aztr99vm-rg/providers/Microsoft.Network/networkSecurityGroups/aztr99vm01-nsg' から一般化されました。",
            "type": "Microsoft.Network/networkSecurityGroups",
            "name": "[parameters('networkSecurityGroups_aztr99vm01_nsg_name')]",
            "apiVersion": "2016-03-30",
            "location": "japanwest",
            "properties": {
                "securityRules": [
                    {
                        "name": "default-allow-rdp",
                        "properties": {
                            "protocol": "TCP",
                            "sourcePortRange": "*",
                            "destinationPortRange": "3389",
                            "sourceAddressPrefix": "*",
                            "destinationAddressPrefix": "*",
                            "access": "Allow",
                            "priority": 1000,
                            "direction": "Inbound"
                        }
                    }
                ]
            },
            "resources": [],
            "dependsOn": []
        },
        {
            "comments": "リソース '/subscriptions/26bceab8-0886-4383-9dec-830a5246de8b/resourceGroups/aztr99vm-rg/providers/Microsoft.Network/publicIPAddresses/aztr99vm01-ip' から一般化されました。",
            "type": "Microsoft.Network/publicIPAddresses",
            "name": "[parameters('publicIPAddresses_aztr99vm01_ip_name')]",
            "apiVersion": "2016-03-30",
            "location": "japanwest",
            "properties": {
                "publicIPAllocationMethod": "Dynamic",
                "idleTimeoutInMinutes": 4
            },
            "resources": [],
            "dependsOn": []
        },
        {
            "comments": "リソース '/subscriptions/26bceab8-0886-4383-9dec-830a5246de8b/resourceGroups/aztr99vm-rg/providers/Microsoft.Storage/storageAccounts/aztr99st01' から一般化されました。",
            "type": "Microsoft.Storage/storageAccounts",
            "sku": {
                "name": "Standard_LRS",
                "tier": "Standard"
            },
            "kind": "Storage",
            "name": "[parameters('storageAccounts_aztr99st01_name')]",
            "apiVersion": "2016-01-01",
            "location": "japanwest",
            "tags": {},
            "properties": {},
            "resources": [],
            "dependsOn": []
        }
    ]
}