{
    "$schema": "https://schema.management.azure.com/schemas/2015-01-01/deploymentTemplate.json#",
    "contentVersion": "1.0.0.0",
    "parameters": {
        "virtualNetworks_aztr99vnet_name": {
            "defaultValue": "aztr99vnet",
            "type": "String"
        }
    },
    "variables": {},
    "resources": [
        {
            "comments": "リソース '/subscriptions/26bceab8-0886-4383-9dec-830a5246de8b/resourceGroups/aztr99vnet-rg/providers/Microsoft.Network/virtualNetworks/aztr99vnet' から一般化されました。",
            "type": "Microsoft.Network/virtualNetworks",
            "name": "[parameters('virtualNetworks_aztr99vnet_name')]",
            "apiVersion": "2016-03-30",
            "location": "japanwest",
            "properties": {
                "addressSpace": {
                    "addressPrefixes": [
                        "10.0.0.0/8"
                    ]
                },
                "subnets": [
                    {
                        "name": "DMZ",
                        "properties": {
                            "addressPrefix": "10.0.0.0/24"
                        }
                    },
                    {
                        "name": "Secure",
                        "properties": {
                            "addressPrefix": "10.0.1.0/24"
                        }
                    }
                ]
            },
            "resources": [],
            "dependsOn": []
        }
    ]
}